{
  "0": {
    "precision": 0.9387755102040817,
    "recall": 0.9261744966442953,
    "f1-score": 0.9324324324324325,
    "support": 149.0
  },
  "1": {
    "precision": 0.9281045751633987,
    "recall": 0.9403973509933775,
    "f1-score": 0.9342105263157895,
    "support": 151.0
  },
  "accuracy": 0.9333333333333333,
  "macro avg": {
    "precision": 0.9334400426837401,
    "recall": 0.9332859238188365,
    "f1-score": 0.9333214793741109,
    "support": 300.0
  },
  "weighted avg": {
    "precision": 0.9334044729002712,
    "recall": 0.9333333333333333,
    "f1-score": 0.9333274063537222,
    "support": 300.0
  }
}